timestamp,pm25,pm10,no2,so2,location
2024-06-01 00:00:00,56.8309525138281,106.04300841931075,34.233896597208826,25.280087545777484,Kanjurmarg
2024-06-01 01:00:00,91.9698068351554,153.56733455703775,42.85609332665492,18.442015405496825,Kanjurmarg
2024-06-01 02:00:00,76.18186157672639,150.54297594254226,20.24494624711737,24.2090837187717,Kanjurmarg
2024-06-01 03:00:00,72.15260771022812,133.90647015897846,39.5998198144334,22.896563119621053,Kanjurmarg
2024-06-01 04:00:00,103.09335908943879,108.2446646879837,45.83607862842316,26.92747696006557,Kanjurmarg
2024-06-01 05:00:00,50.90501261218169,74.22905752863902,37.69719131148132,15.621526273819313,Kanjurmarg
2024-06-01 06:00:00,48.06631480550983,82.43132765039095,37.57121799031808,28.537803278871408,Kanjurmarg
2024-06-01 07:00:00,65.94604872587678,77.72369635364805,52.42507115714265,19.284857811979467,Kanjurmarg
2024-06-01 08:00:00,104.72233252370943,102.0945280696819,38.484372298069744,26.66697217117687,Kanjurmarg
2024-06-01 09:00:00,102.0780426078473,154.31112202476777,27.159583572145852,28.06757443190695,Kanjurmarg
2024-06-01 10:00:00,99.81813071631156,101.31919910536362,43.67864931957521,18.748862842895225,Kanjurmarg
2024-06-01 11:00:00,104.51795769699457,146.05969369537834,33.07633843859845,18.242067653015418,Kanjurmarg
2024-06-01 12:00:00,102.71515573240544,153.03230022381635,52.88480196758886,21.855434626697164,Kanjurmarg
2024-06-01 13:00:00,96.60427369151884,129.34560758030347,26.359984250923826,17.52859880023746,Kanjurmarg
2024-06-01 14:00:00,86.00146598935383,123.9068328798245,46.11269187899683,21.289674276947174,Kanjurmarg
2024-06-01 15:00:00,96.63784209471612,59.228848059619764,45.321449031309974,12.223600041895466,Kanjurmarg
2024-06-01 16:00:00,88.02475952788602,62.04911435972438,39.447416204327425,16.261322045182876,Kanjurmarg
2024-06-01 17:00:00,106.4630597161154,126.96108339497509,38.320669427285914,18.98482219123253,Kanjurmarg
2024-06-01 18:00:00,109.62079580871607,89.08942683044708,26.578796733458656,29.267013079571377,Kanjurmarg
2024-06-01 19:00:00,69.369212362383,196.6156792283503,38.974750775792,22.082816204462176,Kanjurmarg
2024-06-01 20:00:00,81.9996734934318,128.48778290134834,40.871546377762286,17.580131385426192,Kanjurmarg
2024-06-01 21:00:00,69.98147848729167,126.58237165200799,62.630297928286424,17.130748218450517,Kanjurmarg
2024-06-01 22:00:00,58.53099773811758,167.34856276535626,53.65904836505915,23.21720899138238,Kanjurmarg
2024-06-01 23:00:00,67.22493452835133,140.70149265756993,33.50574296276049,30.364251782359432,Kanjurmarg
2024-06-02 00:00:00,87.45396746174255,97.47986176048411,30.903601543155666,20.138336933537296,Kanjurmarg
2024-06-02 01:00:00,110.24502411546936,156.2535606188597,33.496483339124865,19.84837722225661,Kanjurmarg
2024-06-02 02:00:00,108.29872166064784,100.04536981064277,34.74814486622381,18.214387923339576,Kanjurmarg
2024-06-02 03:00:00,69.62056282015526,87.34173530364302,46.538155555846075,24.40392459080074,Kanjurmarg
2024-06-02 04:00:00,46.00835997774416,126.86709114660036,43.915851559563365,17.715060735389866,Kanjurmarg
2024-06-02 05:00:00,53.26621462521268,118.6183142413589,38.39797174397992,21.156798016618353,Kanjurmarg
2024-06-02 06:00:00,63.983052267638385,35.507956468464215,41.04451366755659,23.122231049794905,Kanjurmarg
2024-06-02 07:00:00,55.341927126877415,125.4980219995419,36.35415214354583,17.3734597242442,Kanjurmarg
2024-06-02 08:00:00,59.89643129678733,107.34030979575087,41.24628143517596,17.54733375728552,Kanjurmarg
2024-06-02 09:00:00,66.83824858612952,124.7380806685856,24.203368338986458,25.025553929159482,Kanjurmarg
2024-06-02 10:00:00,103.23674643650854,60.08416475682787,46.28693701365261,21.735609501357995,Kanjurmarg
2024-06-02 11:00:00,60.09677140994961,191.2581283658391,43.35596337216052,30.93207852214799,Kanjurmarg
2024-06-02 12:00:00,80.29885019311136,101.01532762259717,31.329608176714267,19.503477777106045,Kanjurmarg
2024-06-02 13:00:00,73.65130025610421,215.70606294473862,48.57649725218886,24.99871137055993,Kanjurmarg
2024-06-02 14:00:00,63.11322783807752,107.1207484917631,28.815916055395064,17.53035189132675,Kanjurmarg
2024-06-02 15:00:00,97.83971913662094,125.76754222989393,27.793517591024663,21.229884332421896,Kanjurmarg
2024-06-02 16:00:00,58.643002370826125,147.41719468482177,32.66136558780381,18.598546381451577,Kanjurmarg
2024-06-02 17:00:00,132.19365252815714,96.86210853952457,37.78186461599761,13.429064319904032,Kanjurmarg
2024-06-02 18:00:00,75.88199491289781,107.90474174464364,46.79416083674827,15.940399029004265,Kanjurmarg
2024-06-02 19:00:00,74.85854496087674,108.06758316381604,53.84685846249068,19.902884737879955,Kanjurmarg
2024-06-02 20:00:00,76.25630425808589,112.90548895853016,39.09476138938493,17.676081992260393,Kanjurmarg
2024-06-02 21:00:00,72.42580405556185,124.03426132607068,42.8591399426607,19.321337739029858,Kanjurmarg
2024-06-02 22:00:00,61.36642988831781,135.372961058563,40.741680694944144,21.13500481309802,Kanjurmarg
2024-06-02 23:00:00,45.92487640774992,138.66943556500283,24.032589338136887,19.322331623274764,Kanjurmarg
2024-06-03 00:00:00,87.2536201191539,101.26720852034404,50.52833956410298,11.90415788814162,Kanjurmarg
2024-06-03 01:00:00,60.8716622812643,108.49402641912032,40.89742458475266,19.016888032503402,Kanjurmarg
2024-06-03 02:00:00,91.84009777728447,73.72167142292409,34.765684607080786,22.61905509088622,Kanjurmarg
2024-06-03 03:00:00,90.55971628284566,147.2837761773719,41.79337137530837,19.906735907437763,Kanjurmarg
2024-06-03 04:00:00,91.5263862517122,116.5152039330052,36.508815416141324,19.377905852754534,Kanjurmarg
2024-06-03 05:00:00,105.88366308512192,160.73932826895734,23.177855524651317,22.85961399489354,Kanjurmarg
2024-06-03 06:00:00,74.62845468481052,111.38322646561907,38.968249478129955,22.996233588194983,Kanjurmarg
2024-06-03 07:00:00,85.44522719901786,104.7581289258723,56.66876188331918,16.275033721559154,Kanjurmarg
2024-06-03 08:00:00,113.29757376988772,163.1316649976431,26.570558870143024,29.943306942378566,Kanjurmarg
2024-06-03 09:00:00,65.3745527830773,71.474956673646,31.668007673013662,17.29842137304137,Kanjurmarg
2024-06-03 10:00:00,72.60531925148703,101.45267492277736,47.600267582234906,21.852290527140916,Kanjurmarg
2024-06-03 11:00:00,46.442028012329935,152.3110445965944,46.293318327525405,17.60771864366535,Kanjurmarg
2024-06-03 12:00:00,71.3384187403754,73.25076136432843,40.36634176431124,19.340940008509225,Kanjurmarg
2024-06-03 13:00:00,106.09733974884473,108.59610927861937,25.168402831701947,28.764750195607576,Kanjurmarg
2024-06-03 14:00:00,76.29397671782968,68.90919675322209,39.74847332107404,15.84495091889594,Kanjurmarg
2024-06-03 15:00:00,92.31547360026889,185.69506866312986,47.52022889385652,15.112184496860005,Kanjurmarg
2024-06-03 16:00:00,86.37140087674915,164.44801852572928,28.715986695004347,9.517232030513242,Kanjurmarg
2024-06-03 17:00:00,75.38205995034548,170.73399046680183,41.609284724308985,6.466970352193835,Kanjurmarg
2024-06-03 18:00:00,88.44799570343551,124.4739295774738,54.08506501744099,21.355456406747184,Kanjurmarg
2024-06-03 19:00:00,93.20858532142339,125.79250371882162,66.89167831045509,12.622206599119764,Kanjurmarg
2024-06-03 20:00:00,124.94271042638668,92.44402522639795,42.16232214297009,15.537213624757715,Kanjurmarg
2024-06-03 21:00:00,73.74003207869522,126.3591932128458,36.52898469412801,15.508899284565423,Kanjurmarg
2024-06-03 22:00:00,66.12844889114264,112.68928127451991,27.216711148647498,14.09140451077878,Kanjurmarg
2024-06-03 23:00:00,88.50943304648978,161.01360881112038,40.235029957280766,19.31736651778847,Kanjurmarg
2024-06-04 00:00:00,70.66043003006622,149.6873586892826,39.0745861312352,25.048667083900426,Kanjurmarg
2024-06-04 01:00:00,103.90228151611646,169.42824468446491,26.74447929546526,18.322997255223,Kanjurmarg
2024-06-04 02:00:00,64.6033640540553,102.3510412564117,43.97293969477181,20.41846228517386,Kanjurmarg
2024-06-04 03:00:00,89.90015802543219,128.22192702372956,47.53018106377602,19.641650017595463,Kanjurmarg
2024-06-04 04:00:00,68.1673337189603,155.49936556432945,41.177255261278006,10.782770859832016,Kanjurmarg
2024-06-04 05:00:00,72.34567161666308,120.23836246618559,22.343029386694614,14.79206859448411,Kanjurmarg
2024-06-04 06:00:00,109.59785215166252,103.58430500982602,51.662917079814434,14.991463018181737,Kanjurmarg
2024-06-04 07:00:00,65.94659149654325,139.70746677853356,28.913711021584028,21.180665070593538,Kanjurmarg
2024-06-04 08:00:00,90.09723991490716,124.9306861288553,51.71106318552005,21.221178078835695,Kanjurmarg
2024-06-04 09:00:00,122.44298201630261,138.99826166984062,36.779990446344065,21.775351000317915,Kanjurmarg
2024-06-04 10:00:00,94.70862773676286,125.01086666966525,54.26307917830247,18.663569984727502,Kanjurmarg
2024-06-04 11:00:00,112.50523106147617,122.85416821856374,27.915802445315208,21.570225801699298,Kanjurmarg
2024-06-04 12:00:00,104.19386716771876,158.72584174936725,25.635726357207066,24.569214269307125,Kanjurmarg
2024-06-04 13:00:00,110.80526580579026,106.1405905498331,43.144140035788055,18.22188385501982,Kanjurmarg
2024-06-04 14:00:00,109.45241001531019,158.83135908904944,20.76263832866016,17.777042483897905,Kanjurmarg
2024-06-04 15:00:00,83.85136571496103,114.1825990433966,37.350369815690776,16.388218792176076,Kanjurmarg
2024-06-04 16:00:00,60.80838156878621,73.49706044855532,44.61032544900029,20.359036705771594,Kanjurmarg
2024-06-04 17:00:00,108.14036463862409,120.02193880878555,49.20205548800348,15.433183294850188,Kanjurmarg
2024-06-04 18:00:00,100.98312818667311,116.22605597114078,27.930518501423027,19.96128379350346,Kanjurmarg
2024-06-04 19:00:00,103.32605876845975,114.76202614400721,42.090371001244804,20.43669422599783,Kanjurmarg
2024-06-04 20:00:00,71.1198465226207,181.497941809528,35.383906263999165,27.870237643678752,Kanjurmarg
2024-06-04 21:00:00,61.46000730856069,80.9567228534221,51.72398131339973,22.311222605945087,Kanjurmarg
2024-06-04 22:00:00,72.06357103088959,112.86107314574541,46.192242649605795,24.34592156536486,Kanjurmarg
2024-06-04 23:00:00,95.70761128444434,129.42251546397918,26.537183652901067,16.087187281335623,Kanjurmarg
2024-06-05 00:00:00,74.63568153046093,169.6404282972249,37.06681960444964,17.677639063448428,Kanjurmarg
2024-06-05 01:00:00,98.52837588994727,127.03891289298328,41.70859863177428,24.47673343514877,Kanjurmarg
2024-06-05 02:00:00,62.67207775447061,120.32787005600319,49.85092012485903,18.25049801151354,Kanjurmarg
2024-06-05 03:00:00,106.59581203682691,104.39815892152508,51.49449300100472,23.57334341911627,Kanjurmarg
2024-06-05 04:00:00,53.262667526741694,147.5032858258857,42.87204117450152,15.0641535584796,Kanjurmarg
2024-06-05 05:00:00,75.64783199200397,136.58807108356078,37.637191366131674,23.855171564289808,Kanjurmarg
2024-06-05 06:00:00,65.66742076596368,103.174952982613,30.09636907832721,25.518630655106442,Kanjurmarg
2024-06-05 07:00:00,85.12765121316504,105.00318533892545,26.20354900254484,27.15877719910938,Kanjurmarg
2024-06-05 08:00:00,93.85217309275721,118.42168373893068,32.912514290715514,14.382918906085411,Kanjurmarg
2024-06-05 09:00:00,81.65080490467103,71.34099561290321,44.297921681071124,23.095338577835506,Kanjurmarg
2024-06-05 10:00:00,105.28992739323748,136.00057851921704,33.54839646823799,15.76491214180276,Kanjurmarg
2024-06-05 11:00:00,109.31849001584197,154.27105644959863,20.993904013234356,25.6346717348323,Kanjurmarg
2024-06-05 12:00:00,82.785976617404,153.62239361790918,67.44515487521386,17.581354150819337,Kanjurmarg
2024-06-05 13:00:00,59.16929257634372,151.15337775538495,49.5252339325518,24.36853252549767,Kanjurmarg
2024-06-05 14:00:00,77.35860448894422,159.52217100989708,46.623375762963825,28.20076413210851,Kanjurmarg
2024-06-05 15:00:00,76.10987973267541,134.52203185173244,42.20651145481109,16.21341756547761,Kanjurmarg
2024-06-05 16:00:00,80.00709477409046,132.72808804558107,30.706299562222206,21.77999251530574,Kanjurmarg
2024-06-05 17:00:00,53.11124457235986,154.42145014398687,22.163366500928483,16.658737507349667,Kanjurmarg
2024-06-05 18:00:00,80.47855312192154,127.47104853482786,35.04554125012187,22.384457524192765,Kanjurmarg
2024-06-05 19:00:00,76.83003944004298,116.04155277073619,32.91666443699466,17.825907003138887,Kanjurmarg
2024-06-05 20:00:00,63.92141356610067,154.41032640032327,41.099337192834035,19.26333803190488,Kanjurmarg
2024-06-05 21:00:00,79.74227876915425,170.67218872166745,45.68689840443768,16.144560708383622,Kanjurmarg
2024-06-05 22:00:00,76.1799465913211,54.49341544115519,32.73850536059767,12.24727677191527,Kanjurmarg
2024-06-05 23:00:00,86.15101870109169,61.18168758849675,36.126603748065534,32.08660706077964,Kanjurmarg
2024-06-06 00:00:00,113.42545313325812,75.09220522178454,53.595826743732204,13.965868764615943,Kanjurmarg
2024-06-06 01:00:00,76.25917072942356,109.90436870125997,57.50938136445187,25.064961049369163,Kanjurmarg
2024-06-06 02:00:00,67.47983481956801,99.03598103615013,53.06922485287876,10.311573302470347,Kanjurmarg
2024-06-06 03:00:00,94.11195276402951,123.02941804334465,23.604312575895744,24.193076091503965,Kanjurmarg
2024-06-06 04:00:00,96.97712530279229,99.19853540979416,36.92734200894669,20.69846215069093,Kanjurmarg
2024-06-06 05:00:00,83.75549180994193,119.14245077909429,50.84649900101284,16.444481118762365,Kanjurmarg
2024-06-06 06:00:00,93.63652123722981,108.85282001658899,47.75668788094259,19.717207076602186,Kanjurmarg
2024-06-06 07:00:00,88.05031938914773,140.22283609411366,44.73914951894075,18.627648096533726,Kanjurmarg
2024-06-06 08:00:00,86.14249178897118,133.67800712791097,23.65007470992615,22.47680417909257,Kanjurmarg
2024-06-06 09:00:00,69.53784329903831,142.21045496805783,15.835479911095138,25.112826780604188,Kanjurmarg
2024-06-06 10:00:00,71.77060885921644,64.42103450074185,40.58514044289032,23.813239296469956,Kanjurmarg
2024-06-06 11:00:00,73.35188613835751,125.76971509849332,42.99327286544606,14.33720384123361,Kanjurmarg
2024-06-06 12:00:00,89.2141007809356,127.04028909793156,47.890048605852236,18.65962621871939,Kanjurmarg
2024-06-06 13:00:00,90.9657376142708,92.49153551109013,39.36087415533931,13.58630553331775,Kanjurmarg
2024-06-06 14:00:00,95.75878898796267,108.63034775199594,59.84804361955243,20.773439049316877,Kanjurmarg
2024-06-06 15:00:00,101.07240770647269,115.89371647177363,36.258887499002874,17.232892423506865,Kanjurmarg
2024-06-06 16:00:00,81.31448523462315,136.0993937658435,69.82683137631174,24.020593686748317,Kanjurmarg
2024-06-06 17:00:00,81.58499978160269,155.19699653277473,29.309645295205904,27.98045168159371,Kanjurmarg
2024-06-06 18:00:00,109.41482092502862,168.08309927114462,47.31254016097446,10.65033268430125,Kanjurmarg
2024-06-06 19:00:00,94.78336403753624,117.72892065733312,39.27843148679563,16.19873224790618,Kanjurmarg
2024-06-06 20:00:00,76.04862724684818,167.0511805738755,45.8737619441277,20.127907052513887,Kanjurmarg
2024-06-06 21:00:00,85.55684505457535,114.51040899573813,50.10679036497535,16.676655571517458,Kanjurmarg
2024-06-06 22:00:00,63.11317091777195,124.20243162278392,24.92205219054862,16.003407209387454,Kanjurmarg
2024-06-06 23:00:00,57.32170541965364,133.8024579281845,33.921045587075874,31.620475759072107,Kanjurmarg
2024-06-07 00:00:00,91.59494333044526,127.47187378011756,39.25315729700603,12.722222667800821,Kanjurmarg
2024-06-07 01:00:00,59.37719574566482,147.9195094755513,30.1474175997467,19.097651467179034,Kanjurmarg
2024-06-07 02:00:00,79.66306598840583,138.26845732082154,31.531330932278664,2.4032295918020345,Kanjurmarg
2024-06-07 03:00:00,92.37078945975588,92.16890241097764,46.761931426257405,23.954994868076522,Kanjurmarg
2024-06-07 04:00:00,96.0651095888894,126.6042670419298,28.868556220473067,17.919127475240845,Kanjurmarg
2024-06-07 05:00:00,71.68302082802435,84.80310909014551,49.37342547881269,16.26483310735686,Kanjurmarg
2024-06-07 06:00:00,68.30205474280433,102.3176383797732,42.08421497935967,20.429892926605426,Kanjurmarg
2024-06-07 07:00:00,84.05388811104189,100.05348637809468,38.58874352213703,10.170311905124722,Kanjurmarg
2024-06-07 08:00:00,103.57892825557278,117.41546514667812,53.37571115552344,18.686654578519327,Kanjurmarg
2024-06-07 09:00:00,60.29263020262157,141.287678094138,43.465041384474155,7.216636812266874,Kanjurmarg
2024-06-07 10:00:00,75.87460613088471,94.99335153912756,30.351403800179785,19.60142337485975,Kanjurmarg
2024-06-07 11:00:00,86.3168527014775,164.8501525861907,48.18782209373724,15.007615987433692,Kanjurmarg
2024-06-07 12:00:00,63.14100578375178,129.6963328006246,31.499987477582586,22.369734504315705,Kanjurmarg
2024-06-07 13:00:00,84.68243415809846,109.8662456978573,65.96455655413499,15.755735934842793,Kanjurmarg
2024-06-07 14:00:00,103.32943396986589,97.28438955432244,39.879964260982355,25.79515144938616,Kanjurmarg
2024-06-07 15:00:00,38.89838618475599,83.85036652754566,44.666685183857965,14.002448469491389,Kanjurmarg
2024-06-07 16:00:00,109.38893118506073,127.60284279556018,40.90937948195427,16.693186277277597,Kanjurmarg
2024-06-07 17:00:00,59.61500093319643,103.8612370913806,28.48866261857705,25.5201104063724,Kanjurmarg
2024-06-07 18:00:00,72.21798060438482,86.0207694911208,46.11373790225289,11.935749462038949,Kanjurmarg
2024-06-07 19:00:00,101.23210991890369,74.72006607787972,36.62739637038719,25.353878452532655,Kanjurmarg
2024-06-07 20:00:00,109.36213591218599,64.2778403810245,41.17330917424668,26.432148231504108,Kanjurmarg
2024-06-07 21:00:00,110.75889515702629,83.62187420273203,45.3930458276411,17.487284460049764,Kanjurmarg
2024-06-07 22:00:00,59.599392170577445,157.60292641799379,11.489264116445096,18.309503724137556,Kanjurmarg
2024-06-07 23:00:00,69.23859281552555,117.79560380657145,52.09131623786821,16.721761780321668,Kanjurmarg
2024-06-08 00:00:00,61.732004814315815,149.38572795788485,45.77408456893673,24.08965957683092,Kanjurmarg
2024-06-08 01:00:00,135.21748367377813,120.84752956563528,58.71918630747062,6.965309820014578,Kanjurmarg
2024-06-08 02:00:00,68.22047142723852,151.71226338346045,42.840857129287194,17.844645430086214,Kanjurmarg
2024-06-08 03:00:00,82.95979940311203,113.11597107824689,34.46432321035185,19.825839921430898,Kanjurmarg
2024-06-08 04:00:00,45.95155513180902,102.4436387246927,54.12990101219591,24.894137286742236,Kanjurmarg
2024-06-08 05:00:00,78.32667636391146,123.92840682914127,45.44933596984346,28.209545279249674,Kanjurmarg
2024-06-08 06:00:00,37.91716680611551,62.7911647114543,32.80361031498935,13.314441063532573,Kanjurmarg
2024-06-08 07:00:00,76.47118201338098,95.2633090396976,34.93896624867776,21.445763394462162,Kanjurmarg
2024-06-08 08:00:00,60.057073226850164,148.12910558438801,33.13387896277457,9.89468321026932,Kanjurmarg
2024-06-08 09:00:00,112.29675463806291,114.5813836083544,55.6580214984098,11.359396282789683,Kanjurmarg
2024-06-08 10:00:00,77.95661100764059,133.21664944133465,32.032780427262594,12.634620026401118,Kanjurmarg
2024-06-08 11:00:00,90.06264143153265,127.05915237108921,32.95882338334155,17.313174023242336,Kanjurmarg
2024-06-08 12:00:00,94.95428826140837,136.1618343457287,39.17302166412331,17.413171773908985,Kanjurmarg
2024-06-08 13:00:00,56.31927219687489,126.4646653463783,40.78856683333907,25.29537950466059,Kanjurmarg
2024-06-08 14:00:00,47.24384521363112,109.95452640213468,41.4546016567501,14.245027512193971,Kanjurmarg
2024-06-08 15:00:00,69.1329043608208,156.1829150955321,55.78236912308928,13.959493467311113,Kanjurmarg
2024-06-08 16:00:00,125.72095189383992,149.11793237419585,58.50678807988876,14.53830457711912,Kanjurmarg
2024-06-08 17:00:00,64.33967429781704,72.12908068984514,37.88583436972752,22.953301173820886,Kanjurmarg
2024-06-08 18:00:00,83.33058170032709,134.44387197626347,20.446457322037656,14.062444446843427,Kanjurmarg
2024-06-08 19:00:00,97.6928699873324,112.97263918532951,27.897282068845712,27.44338322346768,Kanjurmarg
2024-06-08 20:00:00,56.2423766309599,67.36426034697578,40.68134287065124,20.864689572012292,Kanjurmarg
2024-06-08 21:00:00,70.46221542444538,103.53085615648568,68.92622662775773,19.41488813886503,Kanjurmarg
2024-06-08 22:00:00,100.42637161759272,167.73159445532502,43.3574273818846,21.172729650563884,Kanjurmarg
2024-06-08 23:00:00,73.44204443369249,165.65340595212265,35.856251167425874,26.204334499949717,Kanjurmarg
2024-06-09 00:00:00,77.47775344993275,98.89085054729765,56.45445065622965,12.168999825490934,Kanjurmarg
2024-06-09 01:00:00,63.6894234801898,144.69498095498375,34.150158963288895,17.333094755546906,Kanjurmarg
2024-06-09 02:00:00,120.78470535060563,86.30929553170063,36.597341161087236,17.693311128281135,Kanjurmarg
2024-06-09 03:00:00,85.92771249270538,114.05332349961675,30.60477965805721,15.533283249357567,Kanjurmarg
2024-06-09 04:00:00,71.00590644108144,106.20428783645693,38.295446144578285,16.664652243820427,Kanjurmarg
2024-06-09 05:00:00,66.139479391041,130.77367264956175,28.151034639043907,25.01088935859859,Kanjurmarg
2024-06-09 06:00:00,78.96148252542818,48.185312306569614,38.65688524285579,21.227387803518884,Kanjurmarg
2024-06-09 07:00:00,88.43018247737967,162.69870085290952,33.72658374642883,18.196659979544442,Kanjurmarg
2024-06-09 08:00:00,77.29091995997025,108.05515431701386,42.57635786919072,12.17333536541625,Kanjurmarg
2024-06-09 09:00:00,77.65322587624297,146.75870991564702,30.45790841547697,19.727825948853702,Kanjurmarg
2024-06-09 10:00:00,81.11563548991151,121.8245742391591,48.958582044603844,28.410972708633693,Kanjurmarg
2024-06-09 11:00:00,81.81273106649917,121.9601527461882,41.87834581392845,25.096076219839976,Kanjurmarg
2024-06-09 12:00:00,60.87587421570315,92.2510407840046,37.470008211352926,12.506900320630916,Kanjurmarg
2024-06-09 13:00:00,68.87643663412834,88.6717439844104,24.545399669138757,21.099664119675474,Kanjurmarg
2024-06-09 14:00:00,73.03649022797657,170.08397449013503,36.62833508841905,13.027786273205084,Kanjurmarg
2024-06-09 15:00:00,65.85549895133819,136.0600756244393,56.85181205280484,10.061369758972628,Kanjurmarg
2024-06-09 16:00:00,64.07526051881919,109.23526220209853,39.44457211653417,11.991484002085295,Kanjurmarg
2024-06-09 17:00:00,81.5108958618365,193.53864221494166,44.85199100666872,20.399287363812427,Kanjurmarg
2024-06-09 18:00:00,66.3226947352496,106.05973768009166,25.3446463582453,20.164605028989033,Kanjurmarg
2024-06-09 19:00:00,76.2969576841521,98.32005448178509,25.375910531548318,26.907647297374847,Kanjurmarg
2024-06-09 20:00:00,95.9719496968366,93.88371646879065,50.85040476258787,23.12579642853697,Kanjurmarg
2024-06-09 21:00:00,98.75322657147917,74.21492903404118,37.11643819163961,19.483218741949106,Kanjurmarg
2024-06-09 22:00:00,69.07522561928745,144.37541845468468,37.526486029992554,22.745910789585594,Kanjurmarg
2024-06-09 23:00:00,84.45807950434323,109.54814513648219,35.71645510196857,23.135873921170276,Kanjurmarg
2024-06-10 00:00:00,84.3070654242172,134.31890453645906,43.37017120189077,19.648909167364057,Kanjurmarg
2024-06-10 01:00:00,103.5962131047901,94.73132903290046,43.86326408000694,25.97886302277551,Kanjurmarg
2024-06-10 02:00:00,90.51653232290369,120.78507694948613,42.19023708483949,11.77006689385677,Kanjurmarg
2024-06-10 03:00:00,69.37275008531893,67.81811392765454,29.470086075701968,16.98648643276464,Kanjurmarg
2024-06-10 04:00:00,96.87836307805009,131.0709834703563,40.58665669263812,25.229423499026716,Kanjurmarg
2024-06-10 05:00:00,68.81028221725154,182.3785007617146,44.92622457743208,25.09875576994007,Kanjurmarg
2024-06-10 06:00:00,91.49280934431548,115.18043186405781,45.03503388158359,27.24939731950109,Kanjurmarg
2024-06-10 07:00:00,103.74627789094154,108.7716549332479,45.218435590402,18.29806108140991,Kanjurmarg
2024-06-10 08:00:00,89.70984828345536,131.0556726034092,34.10934376187776,28.71714858639956,Kanjurmarg
2024-06-10 09:00:00,75.76947058624913,184.2123114389764,39.835028592932765,19.53978986160824,Kanjurmarg
2024-06-10 10:00:00,79.7567333076869,159.973963368932,45.69987775576315,16.3901256082003,Kanjurmarg
2024-06-10 11:00:00,105.12731727420916,95.76051779428957,49.98423563443844,23.774177877198476,Kanjurmarg
2024-06-10 12:00:00,89.87585848491707,178.61970788018127,25.176759092759376,12.970948968994367,Kanjurmarg
2024-06-10 13:00:00,101.14545782305512,70.84856376400822,43.66589664064132,17.083656573336267,Kanjurmarg
2024-06-10 14:00:00,107.24735929011624,86.9146055129565,38.30129565087113,19.13869460205389,Kanjurmarg
2024-06-10 15:00:00,93.41644627125979,78.46256848542129,30.47315568183562,25.885098065075383,Kanjurmarg
2024-06-10 16:00:00,72.49676833275791,110.58066883004948,32.14746776145975,16.79427340540382,Kanjurmarg
2024-06-10 17:00:00,99.04535456227654,68.87502142889451,36.17610850780825,24.10787426582751,Kanjurmarg
2024-06-10 18:00:00,87.45163429268311,148.56293634114934,19.64292793090786,27.854275956794062,Kanjurmarg
2024-06-10 19:00:00,74.43249433280482,146.35784552582075,54.599814909168806,16.705554915291255,Kanjurmarg
2024-06-10 20:00:00,77.65461675576663,114.45406642983671,32.92874382593994,17.858006480814193,Kanjurmarg
2024-06-10 21:00:00,87.2305037804906,147.74227233054398,46.63065971950326,11.494084812862592,Kanjurmarg
2024-06-10 22:00:00,84.78177666006142,58.46158994051633,38.317916546350254,17.74188208453441,Kanjurmarg
2024-06-10 23:00:00,84.4655236424964,106.78679390604418,38.91508064632752,21.045544477791704,Kanjurmarg
2024-06-11 00:00:00,113.86206998501017,104.47816928174299,34.86876121883897,26.95055195719165,Kanjurmarg
2024-06-11 01:00:00,75.51067977032359,103.32288317863814,38.00933858735555,19.984075076947903,Kanjurmarg
2024-06-11 02:00:00,93.130058891105,124.49073944615216,37.17335001587027,16.503315501393843,Kanjurmarg
2024-06-11 03:00:00,48.655316658305054,118.21956094221595,56.336718318762856,16.478410937950528,Kanjurmarg
2024-06-11 04:00:00,66.48150417934437,115.98142295018809,28.219620587772415,19.55300665918909,Kanjurmarg
2024-06-11 05:00:00,77.9197455558925,139.70698879687743,22.254781321474848,11.577801084294125,Kanjurmarg
2024-06-11 06:00:00,69.03400975873949,66.45700422375953,51.34675038622157,17.182928391609586,Kanjurmarg
2024-06-11 07:00:00,89.32873669064223,96.15771609811816,50.196460931974485,18.052315137763223,Kanjurmarg
2024-06-11 08:00:00,88.46295479341026,121.23599270672791,45.967302212427164,19.174724609171093,Kanjurmarg
2024-06-11 09:00:00,80.5695752111836,88.43216539667462,36.64574158921526,25.25145834542399,Kanjurmarg
2024-06-11 10:00:00,73.69239810275533,91.01188347843106,66.38867928280767,11.004148247216612,Kanjurmarg
2024-06-11 11:00:00,62.470787788232755,156.36318030413497,46.0267092889995,12.083630292287914,Kanjurmarg
2024-06-11 12:00:00,92.01372622701575,83.9297119466984,50.28247545949067,18.57594971591208,Kanjurmarg
2024-06-11 13:00:00,85.0251493378864,133.2035538429687,39.63694593702961,17.294025488336192,Kanjurmarg
2024-06-11 14:00:00,69.07114993307218,109.15158422662024,55.39659581359224,13.71025859377238,Kanjurmarg
2024-06-11 15:00:00,58.82489859609521,123.45819388381281,27.138389411251694,22.480146468006666,Kanjurmarg
2024-06-11 16:00:00,102.570616863787,124.73799439029807,55.572305327720386,20.573008910189127,Kanjurmarg
2024-06-11 17:00:00,86.80658406619065,165.83564874396856,41.506334892046574,18.34762916507245,Kanjurmarg
2024-06-11 18:00:00,77.74824848811748,116.80491171182418,45.13634806891902,14.24163927944004,Kanjurmarg
2024-06-11 19:00:00,55.731585780933074,82.18453492180876,48.70287371059385,17.529875840649055,Kanjurmarg
2024-06-11 20:00:00,77.08877136326969,106.88448164670741,32.200860964843244,15.09002001256389,Kanjurmarg
2024-06-11 21:00:00,83.31124821262831,117.30609470651586,41.31893253606765,20.04521108915826,Kanjurmarg
2024-06-11 22:00:00,102.42077965595526,153.8777159502851,32.688858131920114,25.597086279117427,Kanjurmarg
2024-06-11 23:00:00,63.393675385677426,98.62413282642818,35.17941348129289,21.921546032393266,Kanjurmarg
2024-06-12 00:00:00,74.01097040496498,139.23676507009642,31.304552797070023,15.986265693614158,Kanjurmarg
2024-06-12 01:00:00,97.53916569694985,106.00000095669975,46.47628233382379,21.960007278161225,Kanjurmarg
2024-06-12 02:00:00,77.19301791469952,105.82722632621487,23.992064115238485,23.25518119852617,Kanjurmarg
2024-06-12 03:00:00,49.93121685503043,92.55238235250417,23.66977985556922,10.916680322237683,Kanjurmarg
2024-06-12 04:00:00,84.50046046535051,144.61115300037545,45.2947877395364,21.065466995193788,Kanjurmarg
2024-06-12 05:00:00,84.4041639081129,152.16727597004345,40.107279979381076,28.199323191812788,Kanjurmarg
2024-06-12 06:00:00,55.81080317954607,140.90571455685907,24.052119498163627,27.82867844970461,Kanjurmarg
2024-06-12 07:00:00,53.69017967965452,148.67765367286347,41.54830878097204,27.41239068941848,Kanjurmarg
2024-06-12 08:00:00,105.52424750415199,119.7895223157457,36.95323226141382,19.441456469425233,Kanjurmarg
2024-06-12 09:00:00,71.47253929726054,92.10901439966142,25.271831409838313,15.428442380409003,Kanjurmarg
2024-06-12 10:00:00,126.98595715454611,131.6537132308214,47.62048909891837,16.67371422072715,Kanjurmarg
2024-06-12 11:00:00,83.66697232325191,84.3217168651542,41.042327516077755,13.842212048090458,Kanjurmarg
2024-06-12 12:00:00,55.638669722636344,155.18003346576432,38.908328233963836,17.826513993256146,Kanjurmarg
2024-06-12 13:00:00,63.144816802084435,149.53394328139726,34.86441833575698,18.132538303505708,Kanjurmarg
2024-06-12 14:00:00,79.3950129348024,172.0616440663868,30.168821350321586,19.97252933600296,Kanjurmarg
2024-06-12 15:00:00,91.05596282150711,87.84974105993729,44.104138702584734,21.99305261012604,Kanjurmarg
2024-06-12 16:00:00,99.30296200290421,68.91861198583587,58.944445010693585,20.42257189478794,Kanjurmarg
2024-06-12 17:00:00,64.02713732687388,113.25461790548803,34.351594725466946,26.981648139983776,Kanjurmarg
2024-06-12 18:00:00,63.729902678912794,100.25779290537271,19.949731652786923,14.078087534990829,Kanjurmarg
2024-06-12 19:00:00,99.02904476415212,117.82307249717233,53.15047974249803,27.000880542623307,Kanjurmarg
2024-06-12 20:00:00,50.27909516722231,86.91860170652903,35.1093313187962,14.286156158938606,Kanjurmarg
2024-06-12 21:00:00,101.75446806134339,38.96795696622601,44.85799519513349,15.660852964662139,Kanjurmarg
2024-06-12 22:00:00,88.61714695071137,118.0708859306397,49.22298695101898,24.79151707069606,Kanjurmarg
2024-06-12 23:00:00,83.3154955136245,125.56736479160443,46.548865563142115,17.708272670007464,Kanjurmarg
2024-06-13 00:00:00,105.2277745619579,125.89361618487786,21.722197383531228,22.584387739867655,Kanjurmarg
2024-06-13 01:00:00,47.21042846745271,74.66074784615532,46.988031359691334,22.51712369641765,Kanjurmarg
2024-06-13 02:00:00,68.22795303026943,143.02900946888775,26.02903395942718,13.272986465802727,Kanjurmarg
2024-06-13 03:00:00,54.30684942172678,139.9732298344483,37.229144212499364,11.36875531460879,Kanjurmarg
2024-06-13 04:00:00,103.43423750711217,151.19036696576313,32.660873949337955,19.28163330966487,Kanjurmarg
2024-06-13 05:00:00,84.27613072143966,117.19343708454944,33.535311129640135,32.29381109013,Kanjurmarg
2024-06-13 06:00:00,47.98769703909224,121.17465604066952,30.970254578806323,16.54319486263369,Kanjurmarg
2024-06-13 07:00:00,68.34918069378236,115.15741600380534,45.14959456868746,15.674964270841947,Kanjurmarg
2024-06-13 08:00:00,106.12803638171545,161.26026325447793,41.923909036493484,20.247012931110163,Kanjurmarg
2024-06-13 09:00:00,81.63350812172736,122.83281324824173,44.42488325689616,22.275259535045585,Kanjurmarg
2024-06-13 10:00:00,98.7737057654102,112.56665108483675,42.827974941436594,12.974364524891795,Kanjurmarg
2024-06-13 11:00:00,57.80003128974465,112.4665859248015,46.17530452566104,24.21640293583099,Kanjurmarg
2024-06-13 12:00:00,91.85712469937263,118.20484854222963,65.29644745955974,21.253531430998372,Kanjurmarg
2024-06-13 13:00:00,110.81231165471843,136.12370708843565,40.52755254718714,20.06282774100244,Kanjurmarg
2024-06-13 14:00:00,54.6236900588353,78.19526925582858,32.71201733134043,24.559444480142425,Kanjurmarg
2024-06-13 15:00:00,108.44001422197027,184.629272809067,51.977891897439434,21.72282035732522,Kanjurmarg
2024-06-13 16:00:00,82.77789826605103,117.87171632297093,41.14565912694524,25.214987904279646,Kanjurmarg
2024-06-13 17:00:00,89.73929186563082,146.7636951512068,50.25644630310909,27.981374849268903,Kanjurmarg
2024-06-13 18:00:00,50.50819670724022,112.52903622261118,38.72414576862997,13.636576341547805,Kanjurmarg
2024-06-13 19:00:00,71.73826509193297,120.84707116751063,46.410189621483255,18.850698968362238,Kanjurmarg
2024-06-13 20:00:00,50.51020706435327,137.38465002131198,31.18953520190609,25.737324299466966,Kanjurmarg
2024-06-13 21:00:00,80.83315168708627,171.12306051825038,30.98897638283801,21.558584919139573,Kanjurmarg
2024-06-13 22:00:00,61.29473566957282,106.24939267899359,41.736719659793664,31.12507405885148,Kanjurmarg
2024-06-13 23:00:00,67.27237826419099,123.90846949556887,43.218470391641965,17.980669315255994,Kanjurmarg
2024-06-14 00:00:00,91.79066957833648,114.40033898437167,41.59673944512798,25.403737437245475,Kanjurmarg
2024-06-14 01:00:00,60.357452442574726,117.20395617592499,32.56048121049273,10.688273751976059,Kanjurmarg
2024-06-14 02:00:00,51.0530468750768,110.52120373422528,45.269695462814084,19.260269004783733,Kanjurmarg
2024-06-14 03:00:00,75.54270513520005,124.23272884913165,48.455414868943514,19.50178378796326,Kanjurmarg
2024-06-14 04:00:00,51.953807805002896,150.2994844711095,26.46085675507262,23.748294268530888,Kanjurmarg
2024-06-14 05:00:00,59.90861223903397,128.85560077147449,42.174250506966246,21.017590390433256,Kanjurmarg
2024-06-14 06:00:00,89.64803875104677,94.8254374804903,37.423475696400864,19.66821055313564,Kanjurmarg
2024-06-14 07:00:00,96.42008321097151,112.33360633248957,48.56366136078286,17.919595965512368,Kanjurmarg
2024-06-14 08:00:00,74.65559731054238,91.77089814749029,32.14570987889513,23.832782032866533,Kanjurmarg
2024-06-14 09:00:00,77.27145334609047,111.47721570254669,38.01359525378387,23.555783776261034,Kanjurmarg
2024-06-14 10:00:00,57.466470098961075,130.20700834511572,56.3702615371636,17.550490965101297,Kanjurmarg
2024-06-14 11:00:00,81.62220638146928,114.16440193573926,44.70803003533253,21.30742725470925,Kanjurmarg
2024-06-14 12:00:00,35.688838283726895,42.17629474136427,29.755798691414057,20.757404456920774,Kanjurmarg
2024-06-14 13:00:00,106.8487860722946,151.15083616706622,39.58216225887876,22.70625177079385,Kanjurmarg
2024-06-14 14:00:00,84.9297237927304,87.44438529515463,44.3902071375684,17.965970031239927,Kanjurmarg
2024-06-14 15:00:00,78.09358113816452,108.16582356370975,35.142250774713794,14.999780198711175,Kanjurmarg
2024-06-14 16:00:00,73.53613811098374,101.40010851624379,20.867815853404696,21.90381564546041,Kanjurmarg
2024-06-14 17:00:00,106.01301502076323,82.29037416702967,40.02905075154567,12.335179447375868,Kanjurmarg
2024-06-14 18:00:00,98.05265623018727,148.96629944371068,32.78331696523359,19.542661133298736,Kanjurmarg
2024-06-14 19:00:00,80.55240184616295,111.6767876580687,41.88625111048842,15.151779737890733,Kanjurmarg
2024-06-14 20:00:00,77.47980242850474,106.47671833044643,31.288016068365238,22.67907324957764,Kanjurmarg
2024-06-14 21:00:00,66.39208724351863,78.83395931914444,31.355522556975664,20.512916338135934,Kanjurmarg
2024-06-14 22:00:00,91.90268700906488,174.64455710670518,30.52101624934744,18.665029762228805,Kanjurmarg
2024-06-14 23:00:00,69.55005558621322,103.12809986511571,31.72914537075425,21.048897428531497,Kanjurmarg
2024-06-15 00:00:00,62.314021537030186,103.60313724534767,39.27735675154699,21.077249157276967,Kanjurmarg
2024-06-15 01:00:00,109.92134667499697,94.9548115749721,15.308552274886026,24.08487664799864,Kanjurmarg
2024-06-15 02:00:00,91.99693042500655,141.94569869728508,38.90467590210241,19.191836519629884,Kanjurmarg
2024-06-15 03:00:00,78.87825871946065,53.773330107356,18.685013351862892,16.995620895230417,Kanjurmarg
2024-06-15 04:00:00,72.75184973546831,124.48849746807247,46.64076408923846,25.61636926329175,Kanjurmarg
2024-06-15 05:00:00,83.4809116958242,90.6321359469085,41.98783600274197,16.74661593111655,Kanjurmarg
2024-06-15 06:00:00,50.83102401434001,157.01180322957973,39.159899145879244,13.486208881331265,Kanjurmarg
2024-06-15 07:00:00,101.07409843929685,134.97279140936052,38.34655141678162,16.6229542575887,Kanjurmarg
2024-06-15 08:00:00,65.22473580495375,128.2452369640965,41.048870060633256,19.02014339873336,Kanjurmarg
2024-06-15 09:00:00,84.4730927058123,65.42236708336472,41.4965578248423,18.442074100519626,Kanjurmarg
2024-06-15 10:00:00,56.39448987423047,123.76543094221545,45.23196600029157,23.191275226330706,Kanjurmarg
2024-06-15 11:00:00,91.83324130499894,148.83627080567052,17.113094989754455,20.47720548627837,Kanjurmarg
2024-06-15 12:00:00,50.35470467107959,82.51358358766106,46.795264444289664,19.55275187060899,Kanjurmarg
2024-06-15 13:00:00,77.05531077574328,121.12670400365572,43.48839396460119,13.810965160129108,Kanjurmarg
2024-06-15 14:00:00,95.95991546933713,106.54336387838165,47.442515049701605,17.036332608345894,Kanjurmarg
2024-06-15 15:00:00,103.8529861897589,126.45471716171426,37.306586654844196,20.155555282663,Kanjurmarg
2024-06-15 16:00:00,59.9664120062529,136.89403016709605,15.188524315570952,19.13902645183532,Kanjurmarg
2024-06-15 17:00:00,68.6252106797911,94.61143194095965,37.62862328584668,28.653765018830434,Kanjurmarg
2024-06-15 18:00:00,86.5741962636273,142.32361618934496,44.70503534160369,24.901423871484624,Kanjurmarg
2024-06-15 19:00:00,80.28153415246193,108.3736723502492,30.734868574683937,24.48281313904315,Kanjurmarg
2024-06-15 20:00:00,77.34369498252711,134.62521744023746,38.344951162181324,20.712795975036226,Kanjurmarg
2024-06-15 21:00:00,48.23053046860155,147.39062282008433,39.94560612679748,20.82201707004805,Kanjurmarg
2024-06-15 22:00:00,90.14042882033273,67.2734492123266,39.8995758578367,19.79386322983533,Kanjurmarg
2024-06-15 23:00:00,90.22022594820541,141.64354072712757,46.65108607443871,19.65500411434149,Kanjurmarg
2024-06-16 00:00:00,84.12132325660788,72.37119261269348,44.51139922232292,24.728228322544886,Kanjurmarg
2024-06-16 01:00:00,52.35145300708794,121.40537158490194,33.869071789530715,26.65598056813244,Kanjurmarg
2024-06-16 02:00:00,51.50256387116286,140.74806245638274,36.07046893121421,19.298424703659578,Kanjurmarg
2024-06-16 03:00:00,48.26204863748569,94.55093952609505,30.506093511583416,21.620237431699646,Kanjurmarg
2024-06-16 04:00:00,67.63512817664011,100.81007142827718,39.72839756793398,19.424759217046862,Kanjurmarg
2024-06-16 05:00:00,77.232491960891,152.30295902186162,38.4952980065924,22.66701073591504,Kanjurmarg
2024-06-16 06:00:00,74.90863823727116,65.98757285128202,23.462702155105774,27.06351884429757,Kanjurmarg
2024-06-16 07:00:00,37.30819078937596,95.48855677716294,46.221534008300374,18.843162454392242,Kanjurmarg
2024-06-16 08:00:00,111.76352482507075,134.56133299809105,34.43766999537961,24.055158028365447,Kanjurmarg
2024-06-16 09:00:00,95.80455444547637,107.36403009801555,30.96684410355156,14.815215408047198,Kanjurmarg
2024-06-16 10:00:00,79.43508467138727,174.8802513294549,44.57254072701983,20.96860616272545,Kanjurmarg
2024-06-16 11:00:00,74.32796011907432,74.75649545372218,52.56339132472321,22.284497293306796,Kanjurmarg
2024-06-16 12:00:00,104.77528575515804,117.1364039470095,35.966161294994244,27.493927618391286,Kanjurmarg
2024-06-16 13:00:00,58.89399401309851,89.86521064934385,33.221322879564646,23.001472556379955,Kanjurmarg
2024-06-16 14:00:00,74.74215377474268,113.80711208017087,34.28540754867619,26.48716835181329,Kanjurmarg
2024-06-16 15:00:00,77.00959033265616,80.72405198609962,44.398121264320196,23.211596779167397,Kanjurmarg
2024-06-16 16:00:00,73.02787506275949,138.27522231385777,52.8408826666429,17.697557559867484,Kanjurmarg
2024-06-16 17:00:00,85.34023046753502,165.16745713161754,43.32553163308054,15.272442807019797,Kanjurmarg
2024-06-16 18:00:00,121.27081551501082,132.57068923775535,32.24248693335418,14.97898158243085,Kanjurmarg
2024-06-16 19:00:00,91.81878526333787,116.21312302841132,46.18637017725948,19.362605059328246,Kanjurmarg
2024-06-16 20:00:00,119.57808036831864,104.10011938325027,33.67523325672794,32.77559572548196,Kanjurmarg
2024-06-16 21:00:00,70.60470319363486,97.53554927885018,34.355447980510476,23.492373902811604,Kanjurmarg
2024-06-16 22:00:00,93.97616773959695,78.14541183925824,54.36734048549319,20.16849320010849,Kanjurmarg
2024-06-16 23:00:00,70.9820072754606,113.66865768599722,48.27042299554512,17.97635797270451,Kanjurmarg
2024-06-17 00:00:00,44.998093618774455,146.461900991888,20.562456139267947,21.898948830602944,Kanjurmarg
2024-06-17 01:00:00,89.19612400826611,149.9614715465361,43.179860234548194,22.15894985401153,Kanjurmarg
2024-06-17 02:00:00,89.65670056028222,55.064573672212106,48.3894318475613,23.85178371667576,Kanjurmarg
2024-06-17 03:00:00,92.70943451745417,117.80040094939699,37.777126370821826,22.097926946035745,Kanjurmarg
2024-06-17 04:00:00,64.68825857544265,140.03883471477172,24.981142886033247,21.817878891172956,Kanjurmarg
2024-06-17 05:00:00,98.28437664121158,72.07047576750185,41.11638087605858,25.28669385651969,Kanjurmarg
2024-06-17 06:00:00,104.52900002105429,123.32721299185707,31.929764439260154,20.858124115487485,Kanjurmarg
2024-06-17 07:00:00,73.59035576416794,105.4496595494862,42.435405021735654,15.954162205195125,Kanjurmarg
2024-06-17 08:00:00,107.19781363278052,65.05588407208037,35.33123377225208,20.804122547635693,Kanjurmarg
2024-06-17 09:00:00,88.34112159022241,147.455956259106,50.6920597917137,21.248036713932116,Kanjurmarg
2024-06-17 10:00:00,78.01636720229811,97.23917557087168,27.90894189085044,32.720000957277215,Kanjurmarg
2024-06-17 11:00:00,53.64637656764609,180.1090096518477,38.90118174854301,23.78841293345677,Kanjurmarg
2024-06-17 12:00:00,52.09072717616637,78.42923277577188,38.680509403582164,15.567141669060383,Kanjurmarg
2024-06-17 13:00:00,70.25231355909,120.54656811218413,17.29383521914487,22.558592156044877,Kanjurmarg
2024-06-17 14:00:00,79.80142366270778,145.91359133411754,54.55932089208126,12.7118455459809,Kanjurmarg
2024-06-17 15:00:00,72.23358389916757,154.38838357206737,30.576130985406277,24.247802347955954,Kanjurmarg
2024-06-17 16:00:00,87.19091232762226,143.7466853811006,45.314323044980135,27.816535217842283,Kanjurmarg
2024-06-17 17:00:00,98.47453250543006,100.02241700555449,46.775455735093566,13.45342080317765,Kanjurmarg
2024-06-17 18:00:00,112.35642897520083,135.62256911155305,45.3910038224826,19.467266398596262,Kanjurmarg
2024-06-17 19:00:00,75.51254911611994,43.07665292281605,16.315451420533794,16.439035421655102,Kanjurmarg
2024-06-17 20:00:00,67.35546687043842,126.45666138306059,32.591607276986196,18.087912191674075,Kanjurmarg
2024-06-17 21:00:00,50.96714146706624,109.18083021288619,28.14800659528412,18.02753877548317,Kanjurmarg
2024-06-17 22:00:00,43.14308288180572,102.8140305676201,44.176281124179944,14.002372883915722,Kanjurmarg
2024-06-17 23:00:00,121.11379832869689,144.40165805349008,32.057343859785945,31.889424522170636,Kanjurmarg
2024-06-18 00:00:00,61.42448769257718,130.8009544804695,46.62944316369331,27.281978670349847,Kanjurmarg
2024-06-18 01:00:00,80.00495649172427,93.99526161737892,23.01812157912371,26.981254872299303,Kanjurmarg
2024-06-18 02:00:00,70.44824460812295,161.7615203278488,58.32049756736241,20.92923197855884,Kanjurmarg
2024-06-18 03:00:00,90.29607686911255,104.25986637203874,26.35632354508833,18.257157112474875,Kanjurmarg
2024-06-18 04:00:00,90.53001016763588,82.05199399838304,30.91565136572592,21.174350083868745,Kanjurmarg
2024-06-18 05:00:00,38.754755198381446,123.07924423546172,38.22236063191019,15.835057122787802,Kanjurmarg
2024-06-18 06:00:00,76.27959148476978,85.18169004493126,44.78029788113501,18.62731520647456,Kanjurmarg
2024-06-18 07:00:00,81.04556975481393,87.5070005214452,45.83177892736785,27.913875410975983,Kanjurmarg
2024-06-18 08:00:00,95.42996591076663,89.33979114704871,38.86405322724512,18.67021730888394,Kanjurmarg
2024-06-18 09:00:00,82.65565168539892,90.18446566023589,45.410614017623104,20.81123617220602,Kanjurmarg
2024-06-18 10:00:00,46.22291722654581,158.07700612148687,30.84797496962095,25.29400391945078,Kanjurmarg
2024-06-18 11:00:00,69.33344764530631,90.0261254315357,43.150022587254135,28.93788368520932,Kanjurmarg
2024-06-18 12:00:00,50.469033062511215,142.13287070196404,40.55135819965637,21.972300303306852,Kanjurmarg
2024-06-18 13:00:00,94.92878909809701,122.56537171783377,35.218864847291904,19.9231049225325,Kanjurmarg
2024-06-18 14:00:00,47.56139078042779,121.55710222921614,55.44161867596844,19.402975407704904,Kanjurmarg
2024-06-18 15:00:00,109.24960506959806,102.79663515899678,52.125269737492246,20.633878118752303,Kanjurmarg
2024-06-18 16:00:00,68.48141791843035,96.28914763485749,38.08591812824302,27.665956801537817,Kanjurmarg
2024-06-18 17:00:00,88.45125973406505,137.7404513666174,43.710841031970055,27.041989052607853,Kanjurmarg
2024-06-18 18:00:00,90.88991390983749,145.74394611371994,30.019989670748892,26.937925893038184,Kanjurmarg
2024-06-18 19:00:00,87.66050510200496,82.68726598149632,37.31649314631225,29.246261542934562,Kanjurmarg
2024-06-18 20:00:00,53.063057172924914,146.0109495493228,42.37565771805458,16.188069446040686,Kanjurmarg
2024-06-18 21:00:00,68.16276103690757,111.30254476883074,42.38519408455997,16.496178896090164,Kanjurmarg
2024-06-18 22:00:00,87.68838951220192,67.75204112674453,38.2112551226838,19.912405681850316,Kanjurmarg
2024-06-18 23:00:00,88.11213035931524,140.7843245572521,49.11843216259284,17.19176584082997,Kanjurmarg
2024-06-19 00:00:00,84.92242833778114,191.1965441973832,50.466783882672814,20.932214669204228,Kanjurmarg
2024-06-19 01:00:00,70.15240834252702,113.03823453559878,31.19514507229954,20.777110203278827,Kanjurmarg
2024-06-19 02:00:00,86.23448131056945,129.54695931315743,51.29596719055071,19.332707372185272,Kanjurmarg
2024-06-19 03:00:00,53.1813038210497,132.4700291590428,30.188213017172625,8.277228557402337,Kanjurmarg
2024-06-19 04:00:00,104.11423297486522,125.3470369153338,39.02982323768992,17.26493862947675,Kanjurmarg
2024-06-19 05:00:00,60.98690612452226,129.07672140879572,42.25584178480177,21.06214320265503,Kanjurmarg
2024-06-19 06:00:00,84.27206370875615,152.88364124123666,25.62816775025139,22.411610310802043,Kanjurmarg
2024-06-19 07:00:00,66.22969234734687,91.9980337803817,49.81607646583316,22.182223839681456,Kanjurmarg
2024-06-19 08:00:00,87.1389837756976,196.50388485998178,31.71458247322827,18.895514304855062,Kanjurmarg
2024-06-19 09:00:00,73.27359715246992,121.82314096075802,35.76738932258915,24.380203430628065,Kanjurmarg
2024-06-19 10:00:00,109.53868893324301,144.2500972832813,27.714312127335873,26.68943510964371,Kanjurmarg
2024-06-19 11:00:00,95.46885443235546,139.55143345404733,25.915070651772357,26.163612864151112,Kanjurmarg
2024-06-19 12:00:00,103.65342544269919,100.09403916987344,52.40584597665847,16.07353710257605,Kanjurmarg
2024-06-19 13:00:00,105.12322783664649,98.25262284901706,39.29078926329771,15.147353167354677,Kanjurmarg
2024-06-19 14:00:00,83.96986568853991,166.43927093545557,30.780881999474598,27.52228579234851,Kanjurmarg
2024-06-19 15:00:00,80.20577454567986,128.74680823725896,55.029276379564216,22.32893347435612,Kanjurmarg
2024-06-19 16:00:00,96.50307419998575,157.33074633099625,26.60902330633167,21.574241466856655,Kanjurmarg
2024-06-19 17:00:00,63.66229944260536,149.42357059923083,43.720383995907625,17.88790301082106,Kanjurmarg
2024-06-19 18:00:00,111.9814350802207,116.72732518130734,41.61332617406149,25.500246286931088,Kanjurmarg
2024-06-19 19:00:00,82.59203055561852,130.4020070184706,42.448857278543464,23.17058457248601,Kanjurmarg
2024-06-19 20:00:00,85.30628400842852,116.80592932179938,48.22558286004745,20.313743226579284,Kanjurmarg
2024-06-19 21:00:00,64.4414901462635,86.22134068793281,25.926622549301737,22.280191432000393,Kanjurmarg
2024-06-19 22:00:00,89.97950114823382,120.22007018769864,28.67049112619007,21.597193023159598,Kanjurmarg
2024-06-19 23:00:00,92.87514215107885,154.40021779146963,50.07463193892719,26.40610008157461,Kanjurmarg
2024-06-20 00:00:00,45.54679829537807,138.8427938996728,40.649775972348294,20.203121731965094,Kanjurmarg
2024-06-20 01:00:00,57.820571744472744,89.16359191271943,31.997653312659644,21.3895605797408,Kanjurmarg
2024-06-20 02:00:00,67.9795421397836,152.20563516917662,55.23448392853535,27.43428839796035,Kanjurmarg
2024-06-20 03:00:00,106.8674689308968,86.80567309426431,39.528146098756814,18.397154192640727,Kanjurmarg
2024-06-20 04:00:00,45.7830517939442,104.83401975095981,46.20254303026473,20.983224973810408,Kanjurmarg
2024-06-20 05:00:00,132.25355431441656,175.6582661800088,23.436717186964863,22.682702306692654,Kanjurmarg
2024-06-20 06:00:00,45.02394375546534,145.17781812962522,37.76512973836931,15.558113134165136,Kanjurmarg
2024-06-20 07:00:00,98.29495064355817,134.03079015135486,41.71377560386042,18.756935143065643,Kanjurmarg
2024-06-20 08:00:00,53.832202431244966,143.49213792418482,38.49644468959243,22.022261469051895,Kanjurmarg
2024-06-20 09:00:00,61.23270449296939,112.58087662858826,29.01990672606696,15.194927088938048,Kanjurmarg
2024-06-20 10:00:00,75.86913095024246,151.18450454693706,32.07590204887552,18.5047668177894,Kanjurmarg
2024-06-20 11:00:00,44.65969211279642,131.73034861031525,25.318189415614896,22.07516022190402,Kanjurmarg
2024-06-20 12:00:00,101.54188721975848,161.78029709668414,46.16274556019186,22.878082025305236,Kanjurmarg
2024-06-20 13:00:00,82.13813113973202,124.31127777944054,33.978871370385605,21.36160695543413,Kanjurmarg
2024-06-20 14:00:00,45.16598901085174,90.68560524701536,35.082628469780374,18.24858206693051,Kanjurmarg
2024-06-20 15:00:00,111.35075981200544,101.88161996730898,36.638847172519526,21.12431504601942,Kanjurmarg
2024-06-20 16:00:00,58.719699108469044,97.32599948776607,32.00387838131774,19.978793000253805,Kanjurmarg
2024-06-20 17:00:00,102.89176671581932,142.31378595317122,33.31032531129321,24.42563687999836,Kanjurmarg
2024-06-20 18:00:00,54.3720202461803,85.7584005101859,53.62250249360321,17.561929368970713,Kanjurmarg
2024-06-20 19:00:00,74.5688376229766,81.21135456672344,23.889690970870706,12.54168064409388,Kanjurmarg
2024-06-20 20:00:00,99.37746691819403,103.74293992736686,42.5652169118256,13.382381289389714,Kanjurmarg
2024-06-20 21:00:00,68.8892250201353,117.23377844604249,42.865112489054226,16.77261303067327,Kanjurmarg
2024-06-20 22:00:00,83.88511365669434,109.27536313864856,28.378401552520394,21.367039633649057,Kanjurmarg
2024-06-20 23:00:00,58.08258519752786,111.48238731798615,50.237266310699454,25.204800125336668,Kanjurmarg
2024-06-21 00:00:00,87.62715128323754,105.31756807346295,30.876724800869262,10.687891420627114,Kanjurmarg
2024-06-21 01:00:00,77.42509645619093,85.64510208694585,39.77884765054467,11.389508707704564,Kanjurmarg
2024-06-21 02:00:00,72.71427200035575,165.06652054405345,38.149297056569786,21.198944448032616,Kanjurmarg
2024-06-21 03:00:00,52.51369017888178,138.97534916792262,48.08431073084644,10.23641406853266,Kanjurmarg
2024-06-21 04:00:00,92.23425634503269,111.000499340647,32.69539798521401,15.05129527006071,Kanjurmarg
2024-06-21 05:00:00,63.79195578285086,121.10323205874764,59.84606643351802,10.040563229214646,Kanjurmarg
2024-06-21 06:00:00,86.91116494208674,113.13025012747933,39.221299441791174,25.343337075199614,Kanjurmarg
2024-06-21 07:00:00,68.90554056310971,130.58059973059108,33.17441196649014,23.56593094942738,Kanjurmarg
2024-06-21 08:00:00,102.76457430725678,120.95489330202314,23.24003723978441,25.140135300618134,Kanjurmarg
2024-06-21 09:00:00,57.1654022109464,159.38152551806127,37.038111428459516,15.009609091671846,Kanjurmarg
2024-06-21 10:00:00,56.60937493565823,119.7895769483139,47.80334248492754,21.768154722073916,Kanjurmarg
2024-06-21 11:00:00,116.3156312599965,120.87690366446786,41.2846719855051,24.76555113590361,Kanjurmarg
2024-06-21 12:00:00,67.81209979929379,129.62404196600835,24.24797838580771,13.533228392365817,Kanjurmarg
2024-06-21 13:00:00,40.77012712606166,92.00466935557554,42.25383356270344,25.694253155864036,Kanjurmarg
2024-06-21 14:00:00,112.01293000181644,156.07633078565763,36.08756466929628,18.749925161458176,Kanjurmarg
2024-06-21 15:00:00,62.484748555512056,94.15441700020634,51.085179496271806,14.176110365892203,Kanjurmarg
2024-06-21 16:00:00,84.87783461710674,94.20793463394268,39.72743974397773,15.057890225328658,Kanjurmarg
2024-06-21 17:00:00,66.13478634582098,122.41960088175,47.26284388332102,16.91935866620457,Kanjurmarg
2024-06-21 18:00:00,103.48490520332209,189.37273553854675,52.94498168850217,23.621448333054346,Kanjurmarg
2024-06-21 19:00:00,87.84683636385132,123.03775240956246,27.206640922418977,19.927874981393522,Kanjurmarg
2024-06-21 20:00:00,76.3528597812008,96.37164772190022,22.5320013697851,28.81950641428358,Kanjurmarg
2024-06-21 21:00:00,72.77957359755727,123.24494107640724,45.153318335620334,13.652676328516533,Kanjurmarg
2024-06-21 22:00:00,76.39340522391552,86.47161293486624,45.21860392951352,29.801838167242963,Kanjurmarg
2024-06-21 23:00:00,69.35399445877997,126.1427804422142,40.69249122626084,22.550626194380968,Kanjurmarg
2024-06-22 00:00:00,98.61153850222857,95.32234563876914,45.75233709380365,21.67955181664182,Kanjurmarg
2024-06-22 01:00:00,109.40599626331486,170.59155424921542,67.04739474699292,27.346732735305295,Kanjurmarg
2024-06-22 02:00:00,27.49109343927259,83.61659194132602,41.808944507643616,20.123874934368285,Kanjurmarg
2024-06-22 03:00:00,71.84941183556955,85.54873183353541,38.36126005965176,16.344088662585012,Kanjurmarg
2024-06-22 04:00:00,99.52614274816546,93.55562934354464,36.29349200256094,15.820036981268645,Kanjurmarg
2024-06-22 05:00:00,79.79221433654327,146.41588143083962,43.986768752085815,22.428520326502834,Kanjurmarg
2024-06-22 06:00:00,103.02991544458467,146.9649065055764,42.90325252751921,21.78107550113377,Kanjurmarg
2024-06-22 07:00:00,113.51760005039742,125.34877239524435,44.01698987553381,29.45159059786109,Kanjurmarg
2024-06-22 08:00:00,42.530452632597836,114.66823058274835,39.986144889938075,20.977009949294136,Kanjurmarg
2024-06-22 09:00:00,51.06763664721726,171.97954780153614,28.232920141427122,16.473543943311398,Kanjurmarg
2024-06-22 10:00:00,125.48949394321784,103.41556922140202,43.602361040564254,18.56176674936546,Kanjurmarg
2024-06-22 11:00:00,112.79342480403423,132.80008904055245,42.20345828079761,16.370866489900994,Kanjurmarg
2024-06-22 12:00:00,82.71846907993557,121.04585316269673,36.524814002110936,25.356406951929777,Kanjurmarg
2024-06-22 13:00:00,61.32379033924968,162.34249744956833,59.068016161665426,17.685378849358123,Kanjurmarg
2024-06-22 14:00:00,63.243798996900004,162.12506317755867,38.86867056636886,23.202197885720206,Kanjurmarg
2024-06-22 15:00:00,89.5203608939502,118.21987528818009,35.07288466059713,21.980259102109674,Kanjurmarg
2024-06-22 16:00:00,106.73408883708078,143.73213075901495,44.36529344739249,14.585392696990606,Kanjurmarg
2024-06-22 17:00:00,62.60368017539157,131.56838999650336,27.067541793410008,19.116840652766346,Kanjurmarg
2024-06-22 18:00:00,65.58971411929639,128.07242677335458,37.60182150807827,19.15280095544758,Kanjurmarg
2024-06-22 19:00:00,81.77155683889438,160.43990288492896,40.48591312345487,18.076571438243395,Kanjurmarg
2024-06-22 20:00:00,61.03896548625431,109.74530459796284,39.59981479309601,11.0714420990389,Kanjurmarg
2024-06-22 21:00:00,50.46918952826431,109.25981131474985,51.07343642659486,19.72016190870084,Kanjurmarg
2024-06-22 22:00:00,39.78775378345403,95.00219503872273,38.94140804628393,29.015002022381097,Kanjurmarg
2024-06-22 23:00:00,75.544081000007,115.48535856244115,47.286030098169576,19.47338953888935,Kanjurmarg
2024-06-23 00:00:00,86.42105287251702,131.60641623296937,44.488510435467845,25.98772621005039,Kanjurmarg
2024-06-23 01:00:00,59.35349261623742,149.17332792674628,43.3820579027373,14.833672669882565,Kanjurmarg
2024-06-23 02:00:00,67.25770428140046,99.10689293818606,46.16296373858666,27.638269221495438,Kanjurmarg
2024-06-23 03:00:00,64.01372525017497,118.79617977700077,45.591603233488684,20.532799248563006,Kanjurmarg
2024-06-23 04:00:00,51.57253475789557,116.65406403136633,34.39943068651476,21.914627498541343,Kanjurmarg
2024-06-23 05:00:00,64.06155851447592,140.94225565781528,46.71827695414909,10.237483944087586,Kanjurmarg
2024-06-23 06:00:00,71.87708603114022,105.55143710985757,32.52335022952803,19.99916611647782,Kanjurmarg
2024-06-23 07:00:00,81.17426482546753,156.1044538089032,50.81111802442667,13.233463164405102,Kanjurmarg
2024-06-23 08:00:00,89.5494325122603,119.52363682144853,51.211206639514856,17.36276400059481,Kanjurmarg
2024-06-23 09:00:00,98.26594408964692,62.35495064029559,35.82786459335733,16.296920739022497,Kanjurmarg
2024-06-23 10:00:00,71.81194956584555,138.54730451550623,25.64939167370712,28.80953465947742,Kanjurmarg
2024-06-23 11:00:00,99.71988714381429,109.81596263879028,40.229048475679456,23.571865105504084,Kanjurmarg
2024-06-23 12:00:00,75.10506126065027,196.42046176291038,35.61027821866447,23.934487470229627,Kanjurmarg
2024-06-23 13:00:00,61.17654452873689,127.00596369782295,61.76998738026123,20.0320401399229,Kanjurmarg
2024-06-23 14:00:00,55.78683133304274,122.10050608653324,39.51251833223498,32.01504029807179,Kanjurmarg
2024-06-23 15:00:00,87.23631770658167,123.74056852438427,46.31662506140656,23.55075392579073,Kanjurmarg
2024-06-23 16:00:00,98.33376408605119,124.81931985897275,43.755759316673,19.448663413670687,Kanjurmarg
2024-06-23 17:00:00,108.85495451280524,121.70516826912952,30.559127741117784,21.060670523661315,Kanjurmarg
2024-06-23 18:00:00,93.59894157212065,127.6845701190772,43.908934146198185,17.491988882022078,Kanjurmarg
2024-06-23 19:00:00,82.54016645505794,149.08969841085212,34.93490518568702,14.705659272896249,Kanjurmarg
2024-06-23 20:00:00,74.62522023981451,73.91080723861919,22.558630831122134,13.412563332735067,Kanjurmarg
2024-06-23 21:00:00,117.69483395553736,148.47543824742422,52.73072996407926,18.960715274445516,Kanjurmarg
2024-06-23 22:00:00,33.31566183980628,132.95521995896993,30.611880026079035,22.487917007354994,Kanjurmarg
2024-06-23 23:00:00,96.14579415993757,98.92008428948265,55.328904840595015,13.62193649156448,Kanjurmarg
2024-06-24 00:00:00,70.39864028921392,73.35718490783393,26.106121879327397,27.184325858875056,Kanjurmarg
2024-06-24 01:00:00,82.57247682151363,69.89964906310291,44.0661734395969,19.35445606314257,Kanjurmarg
2024-06-24 02:00:00,81.64511722852738,86.64500474211562,45.59274848459999,26.863363237502064,Kanjurmarg
2024-06-24 03:00:00,44.51967437280813,102.04129786739747,39.49135268381345,26.36391221698148,Kanjurmarg
2024-06-24 04:00:00,92.73896236005993,72.29303380905876,48.05395705979139,19.746321114510412,Kanjurmarg
2024-06-24 05:00:00,100.50015872543187,104.72296383944371,52.90801759358087,18.020836833163028,Kanjurmarg
2024-06-24 06:00:00,71.74073191230994,163.84045156237946,40.542830679590864,21.67688096042821,Kanjurmarg
2024-06-24 07:00:00,109.11701277384455,182.38812334394373,47.60393642136113,26.9604068835123,Kanjurmarg
2024-06-24 08:00:00,77.06075981681549,105.02773197344249,44.51366885922302,26.92381616480169,Kanjurmarg
2024-06-24 09:00:00,75.61632459339135,92.0167218171402,48.16995898499792,14.636142019411512,Kanjurmarg
2024-06-24 10:00:00,79.50149679140223,79.5239541911867,56.4818586616983,14.202039214990185,Kanjurmarg
2024-06-24 11:00:00,65.6966574386577,179.1500663207355,51.54010801341812,28.0528704005825,Kanjurmarg
2024-06-24 12:00:00,102.19461125020965,114.6829777452535,42.854025786167746,15.635997537256586,Kanjurmarg
2024-06-24 13:00:00,62.43776083040072,147.3965606172165,37.867832124796735,24.70337454275321,Kanjurmarg
2024-06-24 14:00:00,69.22628037606435,60.47026651095687,31.17971047482062,21.31763679924161,Kanjurmarg
2024-06-24 15:00:00,85.13173570588381,108.63711503373968,41.48827835995456,6.177375681582706,Kanjurmarg
2024-06-24 16:00:00,51.26304831718879,147.31522331065364,38.18288842435038,25.06201065915924,Kanjurmarg
2024-06-24 17:00:00,79.94820730221976,126.79963093926382,40.77146606816983,20.32536561154276,Kanjurmarg
2024-06-24 18:00:00,67.53270679524388,56.90457510222189,32.59642513395595,18.934047691508752,Kanjurmarg
2024-06-24 19:00:00,99.1418771305965,163.51677905343652,44.90634154415736,21.289768332976294,Kanjurmarg
2024-06-24 20:00:00,72.3906168849689,132.962469120909,42.084507441310805,19.923541026608966,Kanjurmarg
2024-06-24 21:00:00,91.17954269562193,104.71051874654235,33.7709504534941,23.806679242875298,Kanjurmarg
2024-06-24 22:00:00,73.18752532349367,141.9690677391585,33.588168251645286,25.178856147108895,Kanjurmarg
2024-06-24 23:00:00,82.5238375246787,131.92678332859649,45.266801756325634,22.720459566403783,Kanjurmarg
2024-06-25 00:00:00,78.23095801080356,138.81251292587027,26.894171599521698,16.968970539980855,Kanjurmarg
2024-06-25 01:00:00,79.21888443921858,85.15285889045936,37.21503307389552,27.93075474976606,Kanjurmarg
2024-06-25 02:00:00,55.90979228265791,95.97299343457372,52.6190099369231,20.226597667571745,Kanjurmarg
2024-06-25 03:00:00,117.54301808996246,105.20889510295969,25.52135653074814,26.654922383847513,Kanjurmarg
2024-06-25 04:00:00,87.8104285822675,92.41642568252124,33.884267314598375,16.24508852090688,Kanjurmarg
2024-06-25 05:00:00,63.502823137356124,115.72604605991893,41.26960501776094,21.767865024529275,Kanjurmarg
2024-06-25 06:00:00,54.829745319226326,125.25757906752895,41.42415144117987,25.43100465165299,Kanjurmarg
2024-06-25 07:00:00,56.01478862280432,106.4202993788032,44.734478018744454,17.182873085518434,Kanjurmarg
2024-06-25 08:00:00,59.40804311395958,93.52417548054586,41.12436410936834,25.267520551696165,Kanjurmarg
2024-06-25 09:00:00,147.38404977249732,117.7134012284856,42.24074961767502,22.736802077404114,Kanjurmarg
2024-06-25 10:00:00,95.84218725273412,106.73681387351238,21.73733642954742,19.712496052951863,Kanjurmarg
2024-06-25 11:00:00,83.45691883197485,111.42446734482348,39.234888204278576,15.551317594552529,Kanjurmarg
2024-06-25 12:00:00,90.53895444883074,109.27438611955878,33.58394977101411,18.056278858129012,Kanjurmarg
2024-06-25 13:00:00,60.05559413870137,49.74531928624974,52.3337521145171,12.29111298334243,Kanjurmarg
2024-06-25 14:00:00,71.20058827643945,139.6829223309463,30.966727894062544,16.903380631484843,Kanjurmarg
2024-06-25 15:00:00,93.27762107540822,87.96669518930787,28.30923112556132,21.34429560675645,Kanjurmarg
2024-06-25 16:00:00,69.7143357255667,130.86829116597738,45.042631404327956,22.738284750728198,Kanjurmarg
2024-06-25 17:00:00,114.18533967146759,140.32014320054913,26.332527021624763,16.86006436678892,Kanjurmarg
2024-06-25 18:00:00,70.65099221606746,128.78304356301587,52.50356767128878,19.155343951766667,Kanjurmarg
2024-06-25 19:00:00,93.62682956650852,167.5309633535307,33.54521087166892,17.78918235095585,Kanjurmarg
2024-06-25 20:00:00,69.43672707206069,90.75547797409442,49.86152149761896,21.540165649440574,Kanjurmarg
2024-06-25 21:00:00,102.44969275121072,146.7878284988563,40.828717490454764,13.605835444272799,Kanjurmarg
2024-06-25 22:00:00,67.93318265464094,155.3177427428952,63.05320567142064,19.290649824065703,Kanjurmarg
2024-06-25 23:00:00,102.38512518501338,107.9521492414578,41.40012797850677,20.762808482839556,Kanjurmarg
2024-06-26 00:00:00,60.69742588772928,186.12244974241452,29.158178824971863,24.5978220501238,Kanjurmarg
2024-06-26 01:00:00,73.21623099858499,92.23177794039924,37.36388229842015,26.307234466128513,Kanjurmarg
2024-06-26 02:00:00,56.834382128447004,142.6444710131642,40.56848906653733,16.818703049435598,Kanjurmarg
2024-06-26 03:00:00,75.99440759042344,148.73398220276692,38.48565402079919,19.019930312280255,Kanjurmarg
2024-06-26 04:00:00,56.168722778419706,111.01077986190688,26.8465803100202,25.115383121723212,Kanjurmarg
2024-06-26 05:00:00,77.00264482726811,57.98334991669995,52.099473057847135,26.855790222620676,Kanjurmarg
2024-06-26 06:00:00,101.89262540474434,138.3030828845773,40.49912731340334,18.65016300069533,Kanjurmarg
2024-06-26 07:00:00,75.18208906640625,119.54056694869418,43.53926967607987,15.65988537636992,Kanjurmarg
2024-06-26 08:00:00,62.73764553615832,144.68519544797994,28.657066087715336,20.77908694541748,Kanjurmarg
2024-06-26 09:00:00,101.71888026449476,95.10067919059392,32.51324360118609,21.379856539507927,Kanjurmarg
2024-06-26 10:00:00,90.76613341362835,94.31464573965795,65.74146599885182,27.50934936804827,Kanjurmarg
2024-06-26 11:00:00,85.01565587324973,124.6099018453787,35.25489303604454,15.204908288186548,Kanjurmarg
2024-06-26 12:00:00,76.99193923958488,97.41519951009394,52.19559346261388,21.963720858728145,Kanjurmarg
2024-06-26 13:00:00,91.68352327463494,139.65832024307747,58.60524473096594,20.87126111143531,Kanjurmarg
2024-06-26 14:00:00,68.6693201615166,86.51265919872813,50.46092600867591,22.543889919497236,Kanjurmarg
2024-06-26 15:00:00,86.79908923230653,82.46405361600536,45.574836067130256,18.63700126756045,Kanjurmarg
2024-06-26 16:00:00,95.3557106927238,120.54394973788096,39.32788941720963,17.14357961295653,Kanjurmarg
2024-06-26 17:00:00,85.92343088194467,94.10430944077157,63.0545217878619,24.803590791622547,Kanjurmarg
2024-06-26 18:00:00,77.70444801515715,149.19556220139214,49.8613687666237,17.531780352758894,Kanjurmarg
2024-06-26 19:00:00,104.07360385644083,171.78545296603136,39.537583601769775,25.661232098001694,Kanjurmarg
2024-06-26 20:00:00,82.09015810344422,150.73420427767152,34.600425424269176,23.440059564933883,Kanjurmarg
2024-06-26 21:00:00,85.81228055965124,103.97197529429266,32.84410546514844,13.86847814024308,Kanjurmarg
2024-06-26 22:00:00,70.39934874086794,92.96539098759592,22.610420869833586,15.511040841107896,Kanjurmarg
2024-06-26 23:00:00,114.4619801143776,124.67118277786366,43.7305105878061,18.996007073006155,Kanjurmarg
2024-06-27 00:00:00,73.84795035101331,63.798999381862764,40.553325588235175,22.83812085001569,Kanjurmarg
2024-06-27 01:00:00,95.76911709486409,157.08575628809905,46.728663891255565,24.170013412761374,Kanjurmarg
2024-06-27 02:00:00,91.823269593308,128.3958066218093,25.465574032436276,24.051974339986288,Kanjurmarg
2024-06-27 03:00:00,77.46739603092108,139.78409709459365,27.298467128034574,19.728452957860412,Kanjurmarg
2024-06-27 04:00:00,67.66230547130183,112.80264821400995,38.681591169214684,20.088467372105384,Kanjurmarg
2024-06-27 05:00:00,52.96589907212551,147.8625153376061,35.314928998032045,23.545916415555638,Kanjurmarg
2024-06-27 06:00:00,56.552269236528964,161.99333370733524,25.553712981474543,22.177294595822133,Kanjurmarg
2024-06-27 07:00:00,85.10721846135785,167.83273439444557,38.825607458219075,29.403230656602588,Kanjurmarg
2024-06-27 08:00:00,61.505753489751164,108.38035720659224,38.227055730870816,16.624889237169437,Kanjurmarg
2024-06-27 09:00:00,101.49997911644554,182.91037768576774,37.15275499724141,24.605135748832232,Kanjurmarg
2024-06-27 10:00:00,78.12567363760975,139.01819846029142,29.614730123024607,18.825015930732064,Kanjurmarg
2024-06-27 11:00:00,86.17654080565313,118.36987583467938,34.990914337272976,12.857267680875866,Kanjurmarg
2024-06-27 12:00:00,59.514798382166134,93.63555274277711,35.78661409240192,16.89248131383963,Kanjurmarg
2024-06-27 13:00:00,89.8990269318376,136.3375155375297,44.57553906836047,14.701495583162957,Kanjurmarg
2024-06-27 14:00:00,67.61156532213325,115.98704750693153,52.68843313394268,16.254549084870465,Kanjurmarg
2024-06-27 15:00:00,77.0720316023778,168.66899594789206,19.11383983429932,27.23994786551075,Kanjurmarg
2024-06-27 16:00:00,80.92881683847233,118.99944498363843,49.2706887961297,14.604070868360195,Kanjurmarg
2024-06-27 17:00:00,36.24631956053953,135.5187079051521,39.694873995144405,33.90344101587155,Kanjurmarg
2024-06-27 18:00:00,82.57344409634773,143.69716225445097,44.95544675745331,21.237487806827318,Kanjurmarg
2024-06-27 19:00:00,125.15389341682088,93.54273190601897,37.707148010486954,24.162732848554015,Kanjurmarg
2024-06-27 20:00:00,63.13566934835509,89.77534522959155,43.83484886240862,27.42094801799274,Kanjurmarg
2024-06-27 21:00:00,94.51151742748281,83.07226575438455,44.321167975155554,22.852373498139098,Kanjurmarg
2024-06-27 22:00:00,90.75355953288206,143.729214725202,33.92904505503102,25.126057694348706,Kanjurmarg
2024-06-27 23:00:00,88.40799043670694,50.55591746894149,36.52948075423587,22.451213066599813,Kanjurmarg
2024-06-28 00:00:00,89.94985879034353,101.46193980892569,46.647545391736706,22.598529204695833,Kanjurmarg
2024-06-28 01:00:00,70.06622536827163,121.7061304779719,35.52045859866454,19.612266812280645,Kanjurmarg
2024-06-28 02:00:00,92.73514173187891,79.62158954796907,38.72154586735897,12.608092710931546,Kanjurmarg
2024-06-28 03:00:00,65.4197100848873,108.1631760148398,29.949865703514252,24.33534152995699,Kanjurmarg
2024-06-28 04:00:00,83.8712051698073,126.35657651885492,36.711715736638766,27.12698886469871,Kanjurmarg
2024-06-28 05:00:00,54.878987032893676,129.35754248797264,39.91955543292594,20.98879762416611,Kanjurmarg
2024-06-28 06:00:00,85.86212826920834,132.3236715220269,13.470099247398537,16.92538435178103,Kanjurmarg
2024-06-28 07:00:00,94.30760285157159,102.63408938033247,26.45572775732468,25.06646093623462,Kanjurmarg
2024-06-28 08:00:00,96.00002903576753,127.70629775078918,48.565962104581395,17.651918005135816,Kanjurmarg
2024-06-28 09:00:00,70.73173687383988,162.36058612212187,34.04547449557595,19.33933949067577,Kanjurmarg
2024-06-28 10:00:00,49.44287659626337,144.0014807712347,44.260121374823164,16.87390053334248,Kanjurmarg
2024-06-28 11:00:00,77.9909352183018,119.56096167070727,48.70007335314227,17.069948602191026,Kanjurmarg
2024-06-28 12:00:00,76.66817599103084,132.4558373154097,26.712074005612898,26.405061058391148,Kanjurmarg
2024-06-28 13:00:00,60.38661298403461,124.97993166917283,53.023895815434905,21.33277889659836,Kanjurmarg
2024-06-28 14:00:00,80.28835151741475,111.37817245228426,29.24923009340074,23.385456973623796,Kanjurmarg
2024-06-28 15:00:00,65.56239216788138,126.28892706663325,49.77220041648144,22.087420660087574,Kanjurmarg
2024-06-28 16:00:00,92.39319793918102,110.21000149740593,37.03647205362789,14.929272388038672,Kanjurmarg
2024-06-28 17:00:00,96.56626883466657,139.04794723123902,39.81304930503131,23.072044995096782,Kanjurmarg
2024-06-28 18:00:00,70.5591598252723,95.61574965743928,49.127661615523024,9.3463057510134,Kanjurmarg
2024-06-28 19:00:00,65.3253634961331,59.798661747292904,24.632387537441396,21.14772612453952,Kanjurmarg
2024-06-28 20:00:00,96.86533382358962,112.72359112136697,28.884143208995443,23.490971274556358,Kanjurmarg
2024-06-28 21:00:00,46.89735428992493,123.9085637873608,52.0991382262858,21.027065209753324,Kanjurmarg
2024-06-28 22:00:00,100.0350803515983,84.50819193238945,40.268791812371674,16.02398159443436,Kanjurmarg
2024-06-28 23:00:00,75.93882202543236,84.72342555303659,47.23637732374448,24.495646992660017,Kanjurmarg
2024-06-29 00:00:00,78.6106750042688,149.0418323121503,47.10342634092899,13.78915016553716,Kanjurmarg
2024-06-29 01:00:00,64.8028054825441,195.12822102331432,50.90096710125174,22.247801632557188,Kanjurmarg
2024-06-29 02:00:00,85.10310545286622,142.79278011949887,50.86130910703018,21.988530566358286,Kanjurmarg
2024-06-29 03:00:00,72.84316720758858,182.22009136885555,40.13676314207802,15.837177423002759,Kanjurmarg
2024-06-29 04:00:00,58.25417085141841,183.9107922809439,48.50659630458955,21.98581046252964,Kanjurmarg
2024-06-29 05:00:00,79.9646100989367,122.37728629362394,52.91884015597958,16.78666513868457,Kanjurmarg
2024-06-29 06:00:00,63.136861074754194,102.39742958299742,18.79294682325629,17.668909866136875,Kanjurmarg
2024-06-29 07:00:00,92.86050686254285,93.09177983172994,52.794555513779464,22.823575349819738,Kanjurmarg
2024-06-29 08:00:00,81.82278344720403,87.30143768527657,38.161717873037,23.11272683405353,Kanjurmarg
2024-06-29 09:00:00,39.27742036224149,148.3008972410865,54.879192123099,27.62185296514818,Kanjurmarg
2024-06-29 10:00:00,71.72504754465005,127.84103445966532,46.12753595482855,18.938588240733612,Kanjurmarg
2024-06-29 11:00:00,111.063058395328,98.01752827831689,71.26203828365732,25.258877212037795,Kanjurmarg
2024-06-29 12:00:00,56.86258219046217,169.89903198879256,39.561120727110385,26.6748858392535,Kanjurmarg
2024-06-29 13:00:00,83.41983304779711,163.99357082316362,40.15054509676853,33.25908192481519,Kanjurmarg
2024-06-29 14:00:00,85.49808925512987,56.59736037245396,43.351760212610344,16.859802858518783,Kanjurmarg
2024-06-29 15:00:00,77.25362049570415,67.32711698742969,22.911350537717787,18.6002773780053,Kanjurmarg
2024-06-29 16:00:00,76.32295908268134,94.091794653389,30.556856782103324,21.985792744918633,Kanjurmarg
2024-06-29 17:00:00,76.16322474463357,110.5559226401931,43.322536703811565,13.210194859667027,Kanjurmarg
2024-06-29 18:00:00,91.02255518733566,138.06506055790123,35.24979425338199,17.370440416360218,Kanjurmarg
2024-06-29 19:00:00,85.00358999738401,109.88741363089304,31.150471175632855,15.570991731196795,Kanjurmarg
2024-06-29 20:00:00,108.11308265845503,97.68916692147911,53.48692691905521,12.198537788580389,Kanjurmarg
2024-06-29 21:00:00,98.66794053930103,151.15852582427414,29.39532866019461,15.25653585746261,Kanjurmarg
2024-06-29 22:00:00,84.21240117265386,148.22395963973796,47.45046484770828,18.77760093426495,Kanjurmarg
2024-06-29 23:00:00,87.11377179379163,118.02814147653712,43.299997456127265,21.665846634289792,Kanjurmarg
2024-06-30 00:00:00,96.69809184160826,164.4164066914745,40.141268021862494,30.400030134357998,Kanjurmarg
2024-06-30 01:00:00,97.47791020802399,123.30754060405755,52.84442896079102,16.359025248663382,Kanjurmarg
2024-06-30 02:00:00,96.18972804347388,151.6107772752304,49.753040031742145,28.80784659930943,Kanjurmarg
2024-06-30 03:00:00,77.84708602561102,195.1373579656256,43.610925604773776,13.828913168636108,Kanjurmarg
2024-06-30 04:00:00,98.59742886908651,129.21896634866403,23.582090805234106,28.247622190298287,Kanjurmarg
2024-06-30 05:00:00,88.40358348694178,134.88295912701065,42.95819856634192,28.688663926503857,Kanjurmarg
2024-06-30 06:00:00,81.19356708403926,179.4472242961386,56.69302928107925,16.844950651826743,Kanjurmarg
2024-06-30 07:00:00,64.91973798321716,91.42717830998723,34.57457203856725,16.797892753324163,Kanjurmarg
2024-06-30 08:00:00,78.33358738193921,71.33770476538,54.27114046032021,22.56787678084887,Kanjurmarg
2024-06-30 09:00:00,69.9843916001031,150.21148699449262,36.45899300091197,24.12698879967335,Kanjurmarg
2024-06-30 10:00:00,83.13842800792372,134.84327647972378,50.902032755811646,21.397143574868096,Kanjurmarg
2024-06-30 11:00:00,66.35195949107651,104.93302299700986,37.86742139545394,29.111027248333293,Kanjurmarg
2024-06-30 12:00:00,94.89096149075432,138.1509385271992,26.3336020148446,21.88291709728122,Kanjurmarg
2024-06-30 13:00:00,96.70776933496327,82.45715354642434,48.4139899087411,14.90760967262152,Kanjurmarg
2024-06-30 14:00:00,107.9496445848099,91.65902003667523,49.54480745711852,17.658930865846163,Kanjurmarg
2024-06-30 15:00:00,51.042480899231386,171.23562897632718,44.87250995027728,28.43383950947456,Kanjurmarg
2024-06-30 16:00:00,83.44027147046275,110.55270235575308,59.60737404218082,21.261688926214376,Kanjurmarg
2024-06-30 17:00:00,89.25512169541818,124.95760777407472,52.63103593784203,19.928120522599492,Kanjurmarg
2024-06-30 18:00:00,81.10332679835292,120.67441787228252,52.52982068414095,19.118504617993008,Kanjurmarg
2024-06-30 19:00:00,61.31649865157986,139.42034271291504,27.058814944812816,20.208499861654413,Kanjurmarg
2024-06-30 20:00:00,69.96166017340033,91.25145800620014,33.1667193875591,25.987542861194733,Kanjurmarg
2024-06-30 21:00:00,102.62475682874418,111.55171666672825,22.502935330634692,26.678378627791695,Kanjurmarg
2024-06-30 22:00:00,67.19238017967348,120.17283542198595,52.537454291823245,22.78411691081186,Kanjurmarg
2024-06-30 23:00:00,92.81804248128101,82.71233905778088,38.896025749726064,21.86979516921885,Kanjurmarg
